<?xml version="1.0" encoding="UTF-8"?>
<project-private xmlns="http://www.netbeans.org/ns/project-private/1">
    <editor-bookmarks xmlns="http://www.netbeans.org/ns/editor-bookmarks/2" lastBookmarkId="0"/>
    <open-files xmlns="http://www.netbeans.org/ns/projectui-open-files/2">
        <group>
            <file>file:/D:/Library%20Management%20System/src/Model/update.java</file>
            <file>file:/D:/Library%20Management%20System/src/Model/DBSearch.java</file>
            <file>file:/D:/Library%20Management%20System/src/Controller/UpdateController.java</file>
            <file>file:/D:/Library%20Management%20System/src/View/Home.java</file>
        </group>
    </open-files>
</project-private>
